Latitude,Longitude,Altitude,density
40.7437668,30.3272086,252.39,0.098413566
40.7437668,30.3272087,253.02,0.098437404
40.7437668,30.3272087,253.64,0.098413566
40.7437668,30.3272087,254.27,0.098413566
40.7437668,30.3272088,254.9,0.098437404
40.7437668,30.3272088,255.52,0.098389746
40.7437668,30.3272089,256.13,0.098365943
40.7437668,30.3272089,256.75,0.098389746
40.7437668,30.327209,257.38,0.098365943
40.7437668,30.327209,258.01,0.098389746
40.7437668,30.3272091,258.65,0.098294637
40.7437668,30.3272092,259.27,0.098365943
40.7437668,30.3272092,259.9,0.098365943
40.7437668,30.3272093,260.52,0.098389746
40.7437668,30.3272093,261.14,0.098342157
40.7437668,30.3272094,261.77,0.098342157
40.7437668,30.3272094,262.4,0.098318389
40.7437669,30.3272094,263.01,0.098342157
40.7437683,30.3272096,263.58,0.098294637
40.7437715,30.3272099,264.01,0.098294637
40.7437775,30.3272104,264.26,0.098294637
40.7437868,30.3272113,264.33,0.098342157
40.7437995,30.3272126,264.31,0.098318389
40.7438154,30.3272146,264.27,0.098294637
40.7438342,30.3272175,264.24,0.098318389
40.7438562,30.3272217,264.21,0.098294637
40.743881,30.3272272,264.18,0.098294637
40.7439075,30.327234,264.15,0.098342157
40.7439361,30.3272423,264.11,0.098318389
40.7439668,30.3272521,264.07,0.098270903
40.7439992,30.3272635,264.03,0.098270903
40.7440335,30.3272766,263.98,0.098199804
40.7440695,30.3272912,263.95,0.098247186
40.744107,30.3273074,263.95,0.098270903
40.7441461,30.3273252,263.97,0.098199804
40.7441866,30.3273443,264.0,0.098199804
40.7442283,30.3273648,264.06,0.098247186
40.7442713,30.3273864,264.13,0.098270903
40.7443154,30.3274091,264.2,0.098294637
40.7443606,30.3274328,264.27,0.098247186
40.7444067,30.3274575,264.34,0.098247186
40.7444537,30.3274829,264.42,0.098247186
40.7445015,30.3275091,264.48,0.098199804
40.74455,30.327536,264.54,0.098247186
40.7445992,30.3275634,264.59,0.098199804
40.7446487,30.3275913,264.64,0.098247186
40.744699,30.3276197,264.68,0.098223487
40.7447502,30.3276486,264.71,0.098199804
40.7448015,30.3276778,264.73,0.098199804
40.744853,30.3277071,264.75,0.098152490
40.7449046,30.3277366,264.77,0.098247186
40.7449566,30.3277663,264.78,0.098247186
40.7450088,30.3277963,264.77,0.098176139
40.7450613,30.3278265,264.76,0.098152490
40.7451138,30.3278568,264.75,0.098223487
40.7451669,30.3278874,264.72,0.098199804
40.7452201,30.3279182,264.63,0.098223487
40.7452734,30.327949,264.37,0.098199804
40.745327,30.3279802,263.99,0.098152490
40.7453807,30.3280114,263.6,0.098199804
40.7454348,30.3280428,263.26,0.098223487
40.7454891,30.3280745,262.95,0.098199804
40.7455436,30.3281062,262.7,0.098199804
40.7455985,30.3281382,262.48,0.098199804
40.7456537,30.3281704,262.3,0.098199804
40.7457088,30.3282026,262.16,0.098199804
40.7457641,30.3282349,262.03,0.098152490
40.7458194,30.3282672,261.91,0.098199804
40.7458748,30.3282996,261.83,0.098152490
40.7459304,30.328332,261.77,0.098152490
40.7459856,30.3283642,261.74,0.098176139
40.7460409,30.3283965,261.71,0.098152490
40.7460964,30.3284289,261.7,0.098223487
40.7461517,30.3284611,261.7,0.098105245
40.7462069,30.3284934,261.71,0.098105245
40.746262,30.3285256,261.74,0.098105245
40.7463171,30.3285578,261.77,0.098105245
40.7463721,30.3285899,261.79,0.098128859
40.746427,30.328622,261.83,0.098058068
40.7464818,30.3286541,261.86,0.098105245
40.7465367,30.3286863,261.89,0.098058068
40.7465914,30.3287184,261.93,0.098058068
40.746646,30.3287504,261.98,0.098105245
40.7467006,30.3287824,262.02,0.098058068
40.746755,30.3288144,262.06,0.098105245
40.7468094,30.3288462,262.1,0.098058068
40.7468636,30.328878,262.15,0.098058068
40.7469177,30.3289098,262.17,0.098010958
40.7469717,30.3289415,262.19,0.098058068
40.7470255,30.3289731,262.22,0.098010958
40.7470795,30.3290048,262.24,0.098010958
40.7471334,30.3290365,262.27,0.097963917
40.7471868,30.3290679,262.29,0.097963917
40.74724,30.3290992,262.3,0.098034504
40.7472932,30.3291304,262.31,0.098010958
40.7473464,30.3291617,262.32,0.098010958
40.7473996,30.3291929,262.32,0.098010958
40.7474527,30.3292241,262.32,0.098010958
40.747506,30.3292554,262.32,0.097916943
40.7475595,30.3292867,262.33,0.097963917
40.7476128,30.329318,262.34,0.097987429
40.747666,30.3293492,262.34,0.097987429
40.7477194,30.3293805,262.35,0.097987429
40.7477726,30.3294117,262.35,0.097963917
40.7478257,30.3294429,262.34,0.097963917
40.7478787,30.329474,262.34,0.097823198
40.7479317,30.3295052,262.34,0.097870037
40.7479849,30.3295365,262.34,0.097823198
40.7480379,30.3295677,262.33,0.097823198
40.7480909,30.3295989,262.32,0.097823198
40.7481438,30.3296301,262.32,0.097823198
40.7481968,30.3296614,262.31,0.097823198
40.7482497,30.3296926,262.31,0.097823198
40.7483028,30.3297239,262.31,0.097823198
40.7483555,30.329755,262.29,0.097870037
40.7484082,30.3297876,262.29,0.097870037
40.7484587,30.3298254,262.22,0.097823198
40.7485049,30.3298728,262.24,0.097846609
40.7485455,30.3299287,262.62,0.097823198
40.7485831,30.3299879,263.09,0.097823198
40.7486194,30.3300483,263.33,0.097823198
40.748654,30.3301103,263.33,0.097823198
40.7486854,30.3301749,263.27,0.097823198
40.7487129,30.3302427,263.25,0.097823198
40.7487363,30.3303134,263.28,0.097823198
40.7487558,30.3303854,263.32,0.097870037
40.748772,30.3304585,263.33,0.097846609
40.748785,30.3305326,263.31,0.097823198
40.7487947,30.3306075,263.25,0.097799803
40.7488013,30.330683,263.18,0.097823198
40.7488047,30.3307589,263.09,0.097870037
40.7488051,30.330835,263.0,0.097823198
40.7488028,30.3309108,262.9,0.097776426
40.7487979,30.3309867,262.79,0.097776426
40.7487906,30.3310626,262.65,0.097846609
40.748781,30.331139,262.52,0.097799803
40.7487696,30.3312126,262.39,0.097799803
40.7487562,30.3312867,262.28,0.097776426
40.7487413,30.3313602,262.17,0.097846609
40.748725,30.3314332,262.05,0.097776426
40.7487076,30.3315056,261.94,0.097823198
40.7486891,30.3315778,261.85,0.097729721
40.7486696,30.3316499,261.76,0.097776426
40.7486491,30.3317224,261.68,0.097776426
40.7486284,30.3317934,261.63,0.097776426
40.7486072,30.3318646,261.58,0.097776426
40.7485856,30.3319355,261.52,0.097776426
40.748564,30.3320054,261.5,0.097753065
40.7485421,30.3320761,261.47,0.097776426
40.7485201,30.3321464,261.44,0.097776426
40.748498,30.3322173,261.44,0.097823198
40.7484757,30.3322889,261.45,0.097753065
40.748454,30.3323594,261.47,0.097776426
40.7484323,30.3324301,261.48,0.097776426
40.7484107,30.3325012,261.5,0.097729721
40.7483893,30.3325721,261.52,0.097706394
40.7483682,30.3326431,261.54,0.097706394
40.7483474,30.332714,261.55,0.097729721
40.7483272,30.3327837,261.58,0.097683083
40.7483069,30.3328552,261.6,0.097729721
40.7482866,30.3329276,261.6,0.097636512
40.7482668,30.3329994,261.6,0.097729721
40.7482472,30.3330716,261.62,0.097683083
40.7482281,30.3331437,261.65,0.097683083
40.7482092,30.3332159,261.67,0.097706394
40.7481906,30.3332879,261.69,0.097659789
40.7481724,30.3333597,261.7,0.097683083
40.7481545,30.3334315,261.71,0.097683083
40.7481368,30.3335035,261.72,0.097659789
40.7481192,30.3335756,261.74,0.097636512
40.7481018,30.3336486,261.76,0.097706394
40.7480844,30.3337216,261.76,0.097636512
40.7480672,30.333795,261.77,0.097636512
40.7480501,30.3338684,261.78,0.097636512
40.7480332,30.3339415,261.8,0.097636512
40.7480165,30.3340144,261.82,0.097659789
